{"cameraMode":{"drawMode":0,"name":"Shaded","section":"Shading Mode"},"sceneLighting":true,"audioPlay":false,"sceneViewState":{"showFog":true,"showMaterialUpdate":true,"showSkybox":true,"showFlares":true,"showImageEffects":true,"showParticleSystems":true},"in2DMode":false,"pivot":{"x":121.2156753540039,"y":101.74441528320313,"z":160.07501220703126},"rotation":{"x":0.12107881903648377,"y":0.8315636515617371,"z":-0.1998080015182495,"w":0.5039064884185791},"size":4.769641399383545,"orthographic":false}