{"cameraMode":{"drawMode":0,"name":"Shaded","section":"Shading Mode"},"sceneLighting":true,"audioPlay":false,"sceneViewState":{"showFog":true,"showMaterialUpdate":true,"showSkybox":false,"showFlares":true,"showImageEffects":true,"showParticleSystems":true},"in2DMode":false,"pivot":{"x":-1.7881393432617188e-7,"y":-0.15609684586524964,"z":-1.7881393432617188e-7},"rotation":{"x":0.07411842793226242,"y":-0.8330055475234985,"z":0.115179143846035,"w":0.536043643951416},"size":5.805841445922852,"orthographic":false}