{"cameraMode":{"drawMode":0,"name":"Shaded","section":"Shading Mode"},"sceneLighting":true,"audioPlay":false,"sceneViewState":{"showFog":true,"showMaterialUpdate":true,"showSkybox":true,"showFlares":true,"showImageEffects":true,"showParticleSystems":true},"in2DMode":false,"pivot":{"x":128.63027954101563,"y":0.762786865234375,"z":176.203125},"rotation":{"x":-0.2698952555656433,"y":0.5694862604141235,"z":-0.20519942045211793,"w":-0.7488251328468323},"size":103.17146301269531,"orthographic":false}