{"cameraMode":{"drawMode":0,"name":"Shaded","section":"Shading Mode"},"sceneLighting":true,"audioPlay":false,"sceneViewState":{"showFog":true,"showMaterialUpdate":true,"showSkybox":true,"showFlares":true,"showImageEffects":true,"showParticleSystems":true},"in2DMode":false,"pivot":{"x":-7.567238807678223,"y":-1.0979995727539063,"z":2.57625675201416},"rotation":{"x":0.31707248091697695,"y":0.08520206809043884,"z":-0.028613757342100145,"w":0.9441331028938294},"size":16.43425941467285,"orthographic":false}