{"cameraMode":{"drawMode":0,"name":"Shaded","section":"Shading Mode"},"sceneLighting":true,"audioPlay":false,"sceneViewState":{"showFog":true,"showMaterialUpdate":true,"showSkybox":true,"showFlares":true,"showImageEffects":true,"showParticleSystems":true},"in2DMode":false,"pivot":{"x":120.62322998046875,"y":106.5545883178711,"z":159.7681884765625},"rotation":{"x":-0.059437502175569537,"y":0.6673316359519959,"z":0.05357137322425842,"w":0.7404583692550659},"size":7.600261688232422,"orthographic":false}