{"cameraMode":{"drawMode":0,"name":"Shaded","section":"Shading Mode"},"sceneLighting":false,"audioPlay":false,"sceneViewState":{"showFog":true,"showMaterialUpdate":true,"showSkybox":false,"showFlares":true,"showImageEffects":true,"showParticleSystems":true},"in2DMode":false,"pivot":{"x":-1.9285240173339844,"y":-0.5911979675292969,"z":0.2594980001449585},"rotation":{"x":0.2582344710826874,"y":0.6406406164169312,"z":-0.6811011433601379,"w":0.24289536476135255},"size":7.05104923248291,"orthographic":false}