{"cameraMode":{"drawMode":0,"name":"Shaded","section":"Shading Mode"},"sceneLighting":true,"audioPlay":false,"sceneViewState":{"showFog":true,"showMaterialUpdate":true,"showSkybox":true,"showFlares":true,"showImageEffects":true,"showParticleSystems":true},"in2DMode":false,"pivot":{"x":108.20897674560547,"y":143.764404296875,"z":227.95187377929688},"rotation":{"x":-0.03211251646280289,"y":0.22796307504177094,"z":0.007573840674012899,"w":0.9731228351593018},"size":145.46209716796876,"orthographic":false}