{"cameraMode":{"drawMode":0,"name":"Shaded","section":"Shading Mode"},"sceneLighting":true,"audioPlay":false,"sceneViewState":{"showFog":true,"showMaterialUpdate":true,"showSkybox":true,"showFlares":true,"showImageEffects":true,"showParticleSystems":true},"in2DMode":false,"pivot":{"x":0.5385565757751465,"y":-1.2100067138671876,"z":-1.2071847915649415},"rotation":{"x":-0.10079311579465866,"y":0.8852301836013794,"z":-0.22680003941059113,"w":-0.3934088349342346},"size":10.535926818847657,"orthographic":false}