{"cameraMode":{"drawMode":0,"name":"Shaded","section":"Shading Mode"},"sceneLighting":true,"audioPlay":false,"sceneViewState":{"showFog":true,"showMaterialUpdate":true,"showSkybox":true,"showFlares":true,"showImageEffects":true,"showParticleSystems":true},"in2DMode":false,"pivot":{"x":2.430830955505371,"y":-1.1285598278045655,"z":-1.5673803091049195},"rotation":{"x":-0.23133596777915955,"y":0.6489226818084717,"z":-0.21707148849964143,"w":-0.6915656328201294},"size":3.8856289386749269,"orthographic":false}