{"cameraMode":{"drawMode":0,"name":"Shaded","section":"Shading Mode"},"sceneLighting":true,"audioPlay":false,"sceneViewState":{"showFog":true,"showMaterialUpdate":true,"showSkybox":true,"showFlares":true,"showImageEffects":true,"showParticleSystems":true},"in2DMode":false,"pivot":{"x":86.50572967529297,"y":8.535820007324219,"z":111.34652709960938},"rotation":{"x":-0.13273635506629945,"y":-0.2276868224143982,"z":0.031336113810539249,"w":-0.9641492366790772},"size":30.600858688354493,"orthographic":false}