{"cameraMode":{"drawMode":0,"name":"Shaded","section":"Shading Mode"},"sceneLighting":true,"audioPlay":false,"sceneViewState":{"showFog":true,"showMaterialUpdate":true,"showSkybox":true,"showFlares":true,"showImageEffects":true,"showParticleSystems":true},"in2DMode":false,"pivot":{"x":0.6238899230957031,"y":7.219483852386475,"z":-1.331313133239746},"rotation":{"x":-0.05899643525481224,"y":0.8817781805992127,"z":-0.11466221511363983,"w":-0.45369604229927065},"size":29.671463012695314,"orthographic":false}