{"cameraMode":{"drawMode":0,"name":"Shaded","section":"Shading Mode"},"sceneLighting":true,"audioPlay":false,"sceneViewState":{"showFog":true,"showMaterialUpdate":true,"showSkybox":true,"showFlares":true,"showImageEffects":true,"showParticleSystems":true},"in2DMode":false,"pivot":{"x":127.94275665283203,"y":188.828125,"z":110.73878479003906},"rotation":{"x":0.055852849036455157,"y":-0.944036066532135,"z":-0.2349448800086975,"w":-0.22473788261413575},"size":110.7099609375,"orthographic":false}