{"cameraMode":{"drawMode":0,"name":"Shaded","section":"Shading Mode"},"sceneLighting":true,"audioPlay":false,"sceneViewState":{"showFog":true,"showMaterialUpdate":true,"showSkybox":true,"showFlares":true,"showImageEffects":true,"showParticleSystems":true},"in2DMode":false,"pivot":{"x":0.05426250398159027,"y":1.8654394149780274,"z":-5.842408657073975},"rotation":{"x":-0.22605909407138825,"y":0.526149570941925,"z":-0.1474926620721817,"w":-0.8064188361167908},"size":17.62631607055664,"orthographic":false}