{"cameraMode":{"drawMode":0,"name":"Shaded","section":"Shading Mode"},"sceneLighting":true,"audioPlay":false,"sceneViewState":{"showFog":true,"showMaterialUpdate":true,"showSkybox":true,"showFlares":true,"showImageEffects":true,"showParticleSystems":true},"in2DMode":false,"pivot":{"x":118.65848541259766,"y":102.01940155029297,"z":158.8122100830078},"rotation":{"x":0.06078798323869705,"y":0.38822445273399355,"z":-0.025586437433958055,"w":0.9192180633544922},"size":0.8683102130889893,"orthographic":false}