{"cameraMode":{"drawMode":0,"name":"Shaded","section":"Shading Mode"},"sceneLighting":true,"audioPlay":false,"sceneViewState":{"showFog":true,"showMaterialUpdate":true,"showSkybox":true,"showFlares":true,"showImageEffects":true,"showParticleSystems":true},"in2DMode":false,"pivot":{"x":298.3119201660156,"y":241.80758666992188,"z":-83.25713348388672},"rotation":{"x":-0.016796650364995004,"y":-0.023400168865919114,"z":0.00032356203882955015,"w":-0.9996004700660706},"size":363.8462829589844,"orthographic":false}