{"cameraMode":{"drawMode":0,"name":"Shaded","section":"Shading Mode"},"sceneLighting":true,"audioPlay":false,"sceneViewState":{"showFog":true,"showMaterialUpdate":true,"showSkybox":true,"showFlares":true,"showImageEffects":true,"showParticleSystems":true},"in2DMode":false,"pivot":{"x":147.5612030029297,"y":74.97465515136719,"z":132.0050048828125},"rotation":{"x":0.10961927473545075,"y":0.886714518070221,"z":-0.27135202288627627,"w":0.35793536901474},"size":48.755088806152347,"orthographic":false}