{"cameraMode":{"drawMode":0,"name":"Shaded","section":"Shading Mode"},"sceneLighting":true,"audioPlay":false,"sceneViewState":{"showFog":true,"showMaterialUpdate":true,"showSkybox":true,"showFlares":true,"showImageEffects":true,"showParticleSystems":true},"in2DMode":false,"pivot":{"x":117.01412963867188,"y":-0.4542198181152344,"z":253.71856689453126},"rotation":{"x":0.05501559376716614,"y":-0.9376856088638306,"z":0.29561182856559756,"w":0.17444051802158357},"size":78.57576751708985,"orthographic":false}