{"cameraMode":{"drawMode":0,"name":"Shaded","section":"Shading Mode"},"sceneLighting":true,"audioPlay":false,"sceneViewState":{"showFog":true,"showMaterialUpdate":true,"showSkybox":true,"showFlares":true,"showImageEffects":true,"showParticleSystems":true},"in2DMode":false,"pivot":{"x":-106.905517578125,"y":57.18711853027344,"z":90.69352722167969},"rotation":{"x":0.09697026014328003,"y":0.890081524848938,"z":-0.3847430348396301,"w":0.2243364006280899},"size":21.68560028076172,"orthographic":false}