{"cameraMode":{"drawMode":0,"name":"Shaded","section":"Shading Mode"},"sceneLighting":true,"audioPlay":false,"sceneViewState":{"showFog":true,"showMaterialUpdate":true,"showSkybox":true,"showFlares":true,"showImageEffects":true,"showParticleSystems":true},"in2DMode":false,"pivot":{"x":119.25247955322266,"y":89.38113403320313,"z":104.53768920898438},"rotation":{"x":-0.0396769642829895,"y":-0.9595600366592407,"z":0.21658030152320863,"w":-0.1754799783229828},"size":110.7099609375,"orthographic":false}