{"cameraMode":{"drawMode":0,"name":"Shaded","section":"Shading Mode"},"sceneLighting":true,"audioPlay":false,"sceneViewState":{"showFog":true,"showMaterialUpdate":true,"showSkybox":true,"showFlares":true,"showImageEffects":true,"showParticleSystems":true},"in2DMode":false,"pivot":{"x":0.7852754592895508,"y":1.8855571746826172,"z":-5.6871337890625},"rotation":{"x":-0.16970035433769227,"y":0.4640624225139618,"z":-0.09108303487300873,"w":-0.8646116256713867},"size":17.990869522094728,"orthographic":false}